amino,fold
<<<<<<< HEAD
P, -2
P, -1
H, -1
P, 2
P, 2
H, 1
H, 1
P, 2
P, -1
H, 2
H, 1
P, 1
P, 2
P, -1
P, -1
P, -1
H, -1
H, -2
H, 1
H, -2
H, -1
H, -1
H, 2
H, 2
=======
C, -1
P, 2
P, 1
C, 1
>>>>>>> 9698fda472b99522490cb347b94db3009cf5b660
H, 2
P, 1
P, -2
C, 3
H, 3
P, -2
P, -2
C, 1
P, -3
P, 2
H, 2
<<<<<<< HEAD
P, 2
P, -1
P, -2
P, -2
P, -2
P, -2
H, -2
H, -2
P, -1
P, 2
H, 2
H, 2
P, -1
P, -1
H, -2
P, -1
P, 2
H, 2
H, 1
H, 2
H, -1
H, 0
score,-15
=======
H, -3
H, -3
H, -1
H, -2
H, 3
C, -2
C, -2
P, -1
C, 2
H, -1
P, -3
P, 2
C, 1
P, 3
C, 3
H, 3
P, -2
P, -3
H, 1
P, 2
C, 0
score,-42
>>>>>>> 9698fda472b99522490cb347b94db3009cf5b660
